id,text
1,The quick brown fox jumps over the lazy dog.
2,Practice makes perfect, so keep typing every day.
3,C++ is a powerful language for backend logic.
4,Consistency and practice improve your typing speed.
5,Always focus on accuracy before speed.
6,Typing fast requires both practice and focus.
7,Good typing habits reduce errors and increase speed.
8,Shortcuts and efficiency are important in programming.
9,Learning to type without looking improves concentration.
10,Patience and repetition are keys to mastering typing.
11,Debugging code can be frustrating but rewarding.
12,Reading carefully helps prevent mistakes while typing.
13,Maintaining a steady rhythm improves typing flow.
14,Focus on one task at a time to increase productivity.
15,Typing tests help track your progress over time.